year_and_fraction,GMSL_cm,GMSL_60smooth
1993.010959,-0.230726,-0.445896
1993.030137,-0.303428,-0.466597
1993.049315,-0.460243,-0.472719
1993.068493,-0.599208,-0.454883
1993.087671,-0.635877,-0.425817
1993.106849,-0.570103,-0.428338
1993.126027,-0.509445,-0.428794
1993.145206,-0.330038,-0.424755
1993.164384,-0.193289,-0.423003
1993.183562,-0.253411,-0.420715
1993.20274,-0.307533,-0.416704
1993.221918,-0.42389,-0.408239
1993.241096,-0.583445,-0.411499
1993.260274,-0.615283,-0.443668
1993.279452,-0.534001,-0.47749
1993.29863,-0.433261,-0.515472
1993.317808,-0.359379,-0.544253
1993.336986,-0.482812,-0.556466
1993.356164,-0.557807,-0.559747
1993.375343,-0.649372,-0.562841
1993.394521,-0.68292,-0.546611
1993.413699,-0.693363,-0.531251
1993.432877,-0.644804,-0.498515
1993.452055,-0.561852,-0.452548
1993.471233,-0.287191,-0.393139
1993.490411,-0.221136,-0.351437
1993.509589,-0.188187,-0.293704
1993.528767,-0.14411,-0.219591
1993.547945,-0.114689,-0.136523
1993.567123,-0.307602,-0.064642
1993.586301,-0.173768,0.014816
1993.60548,0.022215,0.093328
1993.624658,0.185758,0.158136
1993.643836,0.359738,0.22751
1993.663014,0.493991,0.32549
1993.682192,0.518422,0.422177
1993.70137,0.439158,0.524716
1993.720548,0.509675,0.612009
1993.739726,0.574225,0.680785
1993.758904,0.696414,0.723814
1993.778082,0.945068,0.740103
1993.79726,0.971388,0.762411
1993.816438,0.978725,0.764732
1993.835616,0.881248,0.754807
1993.854795,0.665026,0.74815
1993.873973,0.63993,0.731467
1993.893151,0.530564,0.720887
1993.912329,0.484898,0.706377
1993.931507,0.636503,0.671661
1993.950685,0.794919,0.635179
1993.969863,0.876173,0.602562
1993.989041,0.848135,0.585275
1994.008219,0.568798,0.557468
1994.027397,0.336693,0.49542
1994.046575,0.346374,0.387955
1994.065753,0.374986,0.280191
1994.084932,0.23463,0.19897
1994.10411,0.078074,0.151417
1994.123288,-0.172267,0.129488
1994.142466,-0.093708,0.119635
1994.161644,0.117154,0.100504
1994.180822,0.140814,0.09393
1994.2,0.139334,0.106433
1994.219178,0.257699,0.140996
1994.238356,0.202803,0.162782
1994.257534,0.175464,0.136272
1994.276712,0.190604,0.091215
1994.29589,0.138803,0.039357
1994.315069,0.10236,-0.034707
1994.334247,-0.121434,-0.088259
1994.353425,-0.2647,-0.133853
1994.372603,-0.327389,-0.158659
1994.391781,-0.408872,-0.18098
1994.410959,-0.279165,-0.212153
1994.430137,-0.234888,-0.214465
1994.449315,-0.032644,-0.195134
1994.468493,-0.062088,-0.164696
1994.487671,-0.178198,-0.1192
1994.506849,-0.142242,-0.067783
1994.526027,-0.090717,0.004878
1994.545206,-0.053452,0.069166
1994.564384,0.00059,0.148188
1994.583562,0.183588,0.25167
1994.60274,0.419064,0.363068
1994.621918,0.54595,0.480752
1994.641096,0.649111,0.596378
1994.660274,0.753135,0.715792
1994.679452,0.860346,0.822989
1994.69863,0.968439,0.913866
1994.717808,0.987181,1.010257
1994.736986,1.075315,1.103744
1994.756164,1.148356,1.177682
1994.775343,1.236962,1.224587
1994.794521,1.41347,1.253671
1994.813699,1.490494,1.263125
1994.832877,1.418578,1.259407
1994.852055,1.282484,1.242869
1994.871233,1.230202,1.237221
1994.890411,1.072265,1.229078
1994.909589,1.04185,1.197846
1994.928767,0.999514,1.169396
1994.947945,1.186136,1.131231
1994.967123,1.340179,1.089607
1994.986301,1.209404,1.085973
1995.00548,1.162532,1.091333
1995.024658,0.938995,1.071271
1995.043836,0.855587,1.00437
1995.063014,1.039559,0.90932
1995.082192,1.090088,0.827553
1995.10137,0.818961,0.76446
1995.120548,0.58402,0.741384
1995.139726,0.484734,0.715384
1995.158904,0.4735,0.654819
1995.178082,0.594692,0.58763
1995.19726,0.731316,0.551455
1995.216438,0.621582,0.54287
1995.235616,0.494476,0.545636
1995.254795,0.485391,0.527135
1995.273973,0.493387,0.481206
1995.293151,0.506749,0.427482
1995.312329,0.509629,0.388914
1995.331507,0.306995,0.385457
1995.350685,0.181334,0.394379
1995.369863,0.2478,0.395275
1995.389041,0.274463,0.390804
1995.408219,0.463369,0.361086
1995.427397,0.565684,0.33908
1995.446575,0.501456,0.329649
1995.465753,0.466501,0.321963
1995.484932,0.242169,0.331586
1995.50411,0.108944,0.344051
1995.523288,0.096453,0.359962
1995.542466,0.178623,0.404608
1995.561644,0.361076,0.467348
1995.580822,0.57555,0.554165
1995.6,0.708886,0.672783
1995.619178,0.903272,0.832272
1995.638356,1.031158,1.021068
1995.657534,1.023519,1.209949
1995.676712,1.176509,1.36194
1995.69589,1.531856,1.494113
1995.715069,1.877781,1.583222
1995.734247,2.061006,1.661265
1995.753425,1.943471,1.7309
1995.772603,1.898447,1.779868
1995.791781,1.705248,1.804838
1995.810959,1.733546,1.806916
1995.830137,1.650235,1.795265
1995.849315,1.617221,1.776739
1995.868493,1.756586,1.755302
1995.887671,1.896482,1.757762
1995.906849,1.956148,1.760786
1995.945206,1.726948,1.701922
1995.964384,1.724927,1.61445
1995.983562,1.757744,1.4861
1996.002732,1.507411,1.346886
1996.021858,1.28913,1.308014
1996.040984,1.056808,1.216261
1996.060109,0.869685,1.139629
1996.079235,0.842431,1.051564
1996.098361,0.997046,0.975056
1996.117486,0.90117,0.906804
1996.136612,1.035232,0.859674
1996.155738,0.965159,0.850709
1996.174863,0.818843,0.81893
1996.193989,0.674866,0.742931
1996.213115,0.632632,0.668389
1996.23224,0.789002,0.580125
1996.251366,0.556419,0.497991
1996.270492,0.313057,0.442858
1996.289618,0.230293,0.409644
1996.308743,0.240856,0.394161
1996.327869,0.225949,0.353914
1996.346995,0.322644,0.340474
1996.36612,0.375941,0.34408
1996.385246,0.493286,0.346536
1996.404372,0.426778,0.348235
1996.423497,0.435463,0.364576
1996.442623,0.345508,0.391227
1996.461749,0.252399,0.443208
1996.480874,0.256143,0.513534
1996.5,0.373026,0.5867
1996.519126,0.562495,0.657227
1996.538251,0.843775,0.732205
1996.557377,1.126217,0.814086
1996.576503,1.085272,0.880995
1996.595628,1.070208,0.944846
1996.614754,1.02031,1.002161
1996.63388,0.98933,1.073306
1996.653006,0.85832,1.156271
1996.672131,0.947691,1.250817
1996.691257,1.078329,1.358846
1996.710383,1.484079,1.479302
1996.729508,1.872902,1.611926
1996.748634,1.936183,1.779673
1996.76776,2.042472,1.951616
1996.786885,2.10441,2.086184
1996.806011,2.182947,2.158044
1996.825137,2.368046,2.143998
1996.844262,2.495177,2.106714
1996.863388,2.289436,2.049541
1996.882514,2.13082,1.942613
1996.901639,1.746493,1.819541
1996.920765,1.600624,1.681233
1996.939891,1.527921,1.57949
1996.959016,1.14205,1.444669
1996.978142,1.075301,1.336105
1996.997268,1.123275,1.265866
1997.016438,1.210867,1.115481
1997.035616,1.26231,1.084363
1997.054795,1.184583,1.046106
1997.073973,1.007629,1.013288
1997.093151,0.917831,0.993553
1997.112329,0.893107,0.953418
1997.131507,0.769243,0.893983
1997.150685,0.860732,0.853525
1997.169863,0.83568,0.811907
1997.189041,0.849644,0.776474
1997.208219,0.727397,0.723037
1997.227397,0.820465,0.682806
1997.246575,0.633064,0.643092
1997.265753,0.598934,0.629275
1997.284932,0.41217,0.626126
1997.30411,0.407166,0.634321
1997.323288,0.503304,0.635924
1997.342466,0.711335,0.645396
1997.361644,0.821302,0.650365
1997.380822,0.801148,0.660871
1997.4,0.834891,0.678172
1997.419178,0.71831,0.700471
1997.438356,0.643657,0.729976
1997.457534,0.506728,0.770639
1997.476712,0.562876,0.830926
1997.49589,0.703994,0.89182
1997.515069,0.976881,0.960683
1997.534247,1.187262,1.050927
1997.553425,1.343738,1.17391
1997.572603,1.382933,1.308136
1997.591781,1.338079,1.445316
1997.610959,1.455855,1.582328
1997.630137,1.61357,1.717477
1997.649315,1.770908,1.842071
1997.668493,1.938617,1.940711
1997.687671,2.209988,2.037199
1997.706849,2.403602,2.130521
1997.726027,2.465082,2.223107
1997.745206,2.270698,2.311101
1997.764384,2.206472,2.387432
1997.783562,2.295752,2.41304
1997.80274,2.446841,2.380722
1997.821918,2.562854,2.319642
1997.841096,2.625593,2.255388
1997.860274,2.440468,2.188773
1997.879452,2.112738,2.114382
1997.89863,1.915361,2.019593
1997.917808,1.692408,1.91807
1997.936986,1.606941,1.804339
1997.956164,1.626229,1.706114
1997.975343,1.593742,1.644691
1997.994521,1.64915,1.600591
1998.013699,1.602018,1.570699
1998.032877,1.55644,1.549402
1998.052055,1.55993,1.511094
1998.071233,1.518458,1.475243
1998.090411,1.423388,1.42525
1998.109589,1.415268,1.382418
1998.128767,1.281449,1.349512
1998.147945,1.271091,1.304978
1998.167123,1.199208,1.243452
1998.186301,1.21653,1.193326
1998.20548,1.260284,1.153212
1998.224658,1.159125,1.131952
1998.243836,0.964724,1.107431
1998.263014,0.972253,1.085675
1998.282192,1.054244,1.037756
1998.30137,1.090111,0.960006
1998.320548,1.050395,0.885588
1998.339726,1.003412,0.836685
1998.358904,0.785259,0.795302
1998.378082,0.560527,0.758938
1998.39726,0.489368,0.736496
1998.416438,0.524599,0.729909
1998.435616,0.5998,0.73698
1998.454795,0.726969,0.755966
1998.473973,0.888136,0.78505
1998.493151,0.991108,0.817188
1998.512329,1.067054,0.866397
1998.531507,0.956139,0.924071
1998.550685,0.822278,0.981776
1998.569863,0.778608,1.034426
1998.589041,0.967486,1.103851
1998.608219,1.11886,1.176562
1998.627397,1.246315,1.258003
1998.646575,1.361991,1.344717
1998.665753,1.615927,1.429476
1998.684932,1.721455,1.507636
1998.70411,1.689112,1.572732
1998.723288,1.6027,1.636997
1998.742466,1.541438,1.710147
1998.761644,1.670926,1.747709
1998.780822,1.704725,1.751761
1998.8,1.824704,1.737572
1998.819178,2.020333,1.715042
1998.838356,1.953986,1.707535
1998.857534,1.757924,1.705006
1998.876712,1.561414,1.701038
1998.89589,1.39993,1.67998
1998.915069,1.473873,1.627293
1998.934247,1.648164,1.570165
1998.953425,1.669015,1.527774
1998.972603,1.635185,1.484593
1998.991781,1.546144,1.427663
1999.010959,1.439842,1.367521
1999.030137,1.376397,1.318484
1999.049315,1.17279,1.31598
1999.068493,0.887564,1.300511
1999.087671,0.932591,1.26351
1999.106849,1.206827,1.21775
1999.126027,1.646484,1.17085
1999.145206,1.495961,1.158969
1999.164384,1.213139,1.182055
1999.183562,1.028003,1.204424
1999.20274,0.954292,1.192412
1999.221918,1.065864,1.119271
1999.241096,1.095337,1.068249
1999.260274,1.133911,1.039845
1999.279452,1.098716,1.023763
1999.29863,0.98822,1.003174
1999.317808,1.036762,0.96194
1999.336986,0.957503,0.923258
1999.356164,0.88326,0.890652
1999.375343,0.768997,0.856873
1999.394521,0.694751,0.849254
1999.413699,0.747199,0.83827
1999.432877,0.840456,0.836803
1999.452055,0.79471,0.851428
1999.471233,0.919648,0.886225
1999.490411,0.937903,0.938866
1999.509589,0.944301,0.99734
1999.528767,1.014884,1.064228
1999.547945,1.082174,1.155412
1999.567123,1.168519,1.251298
1999.586301,1.273464,1.367659
1999.60548,1.442449,1.463617
1999.624658,1.61537,1.564569
1999.643836,1.782621,1.682041
1999.663014,1.985153,1.822251
1999.682192,1.807923,1.969244
1999.70137,1.923451,2.119206
1999.720548,2.139416,2.248269
1999.739726,2.430411,2.359236
1999.758904,2.596402,2.423259
1999.778082,2.79211,2.489844
1999.79726,2.776937,2.545097
1999.816438,2.781325,2.578109
1999.835616,2.561356,2.579478
1999.854795,2.407186,2.574922
1999.873973,2.420725,2.54397
1999.893151,2.436532,2.528994
1999.912329,2.442732,2.497141
1999.931507,2.555393,2.454089
1999.950685,2.51354,2.420923
1999.969863,2.642158,2.387927
1999.989041,2.494643,2.367867
2000.008197,2.173895,2.345681
2000.027322,2.108692,2.281838
2000.046448,2.123755,2.205453
2000.065574,2.255994,2.120339
2000.0847,2.243057,2.045985
2000.103825,1.980803,1.991388
2000.122951,1.826082,1.948563
2000.142077,1.876131,1.916521
2000.161202,1.825457,1.863689
2000.180328,1.682524,1.811038
2000.199454,1.723266,1.761843
2000.218579,1.835374,1.720853
2000.237705,1.780507,1.668923
2000.256831,1.769197,1.613151
2000.275956,1.538045,1.568074
2000.295082,1.457173,1.509816
2000.314208,1.408762,1.460645
2000.333333,1.323511,1.432141
2000.352459,1.276828,1.403066
2000.371585,1.198945,1.384379
2000.39071,1.392835,1.364523
2000.409836,1.523972,1.3512
2000.428962,1.507524,1.360706
2000.448087,1.369862,1.39198
2000.467213,1.278471,1.434043
2000.486339,1.288849,1.455842
2000.505465,1.409071,1.467724
2000.52459,1.558291,1.505749
2000.543716,1.577509,1.576437
2000.562842,1.58903,1.663109
2000.581967,1.630906,1.749317
2000.601093,1.849752,1.814051
2000.620219,2.006053,1.892906
2000.639344,2.058516,2.006902
2000.65847,2.064723,2.158076
2000.677596,1.991676,2.318854
2000.696721,2.267988,2.459205
2000.715847,2.603472,2.569257
2000.734973,2.949595,2.65428
2000.754098,3.077909,2.737712
2000.773224,3.112913,2.852379
2000.79235,2.996524,2.939162
2000.811475,2.823719,2.998759
2000.830601,2.815611,3.01015
2000.849727,3.023678,2.978446
2000.868853,3.049038,2.916361
2000.887978,3.139845,2.853002
2000.907104,3.05211,2.810442
2000.92623,2.792573,2.809796
2000.945355,2.554153,2.772212
2000.964481,2.426293,2.729329
2000.983607,2.440676,2.668059
2001.00274,2.723005,2.523601
2001.021918,2.705975,2.476092
2001.041096,2.649685,2.432452
2001.060274,2.412373,2.386093
2001.079452,2.276646,2.362425
2001.09863,2.174082,2.321502
2001.117808,2.077172,2.267158
2001.136986,2.069804,2.199389
2001.156164,2.173079,2.158615
2001.175343,2.354703,2.13979
2001.194521,2.216877,2.118326
2001.213699,2.039766,2.095021
2001.232877,2.045403,2.070494
2001.252055,2.107226,2.029406
2001.271233,1.980899,1.978636
2001.290411,1.867429,1.949218
2001.309589,1.849065,1.938824
2001.328767,1.803288,1.926992
2001.347945,1.897773,1.88702
2001.367123,1.952117,1.850817
2001.386301,1.946219,1.851619
2001.40548,1.938916,1.887047
2001.424658,1.747471,1.946799
2001.443836,1.655074,2.013039
2001.463014,1.874649,2.069921
2001.482192,2.167917,2.130966
2001.50137,2.341059,2.202769
2001.520548,2.493932,2.299023
2001.539726,2.464049,2.40165
2001.558904,2.495627,2.473989
2001.578082,2.58514,2.527264
2001.59726,2.61376,2.599536
2001.616438,2.578716,2.690207
2001.635616,2.525701,2.806644
2001.654795,2.647392,2.927424
2001.673973,2.991508,3.036893
2001.693151,3.30997,3.126886
2001.712329,3.511985,3.205129
2001.731507,3.582642,3.27698
2001.750685,3.570361,3.36073
2001.769863,3.423701,3.436998
2001.789041,3.282898,3.485496
2001.808219,3.172364,3.487973
2001.827397,3.401141,3.451428
2001.846575,3.677921,3.389504
2001.865753,3.746456,3.38523
2001.884932,3.534271,3.330285
2001.90411,3.253744,3.302463
2001.923288,3.013044,3.2436
2001.961644,2.843342,2.994359
2001.980822,2.949784,2.869119
2002,2.930235,2.778116
2002.019178,2.860116,2.716648
2002.038356,2.570336,2.696692
2002.057534,2.532348,2.680236
2002.076712,2.525726,2.654334
2002.09589,2.521295,2.607529
2002.115069,2.537047,2.553716
2002.134247,2.69524,2.516958
2002.153425,2.716663,2.466339
2002.172603,2.508988,2.416369
2002.191781,2.375805,2.357614
2002.210959,2.239512,2.291199
2002.230137,2.076778,2.201562
2002.249315,2.075991,2.126314
2002.268493,1.992505,2.084489
2002.287671,1.939307,2.050295
2002.306849,1.888509,2.006723
2002.326027,2.03943,1.97267
2002.345206,2.132565,1.939999
2002.364384,2.068056,1.916034
2002.383562,1.847363,1.913032
2002.40274,1.770306,1.925407
2002.421918,1.781946,1.915087
2002.441096,1.776826,1.907354
2002.460274,1.912286,1.919896
2002.479452,1.999887,1.972155
2002.49863,1.94655,2.066161
2002.517808,2.062964,2.169186
2002.536986,2.180935,2.280162
2002.556164,2.317697,2.378415
2002.575343,2.616356,2.473079
2002.594521,2.709179,2.560346
2002.613699,2.775606,2.656283
2002.632877,2.796565,2.757325
2002.652055,2.851859,2.83895
2002.671233,2.731954,2.888736
2002.690411,2.926398,2.94641
2002.709589,3.090313,3.013977
2002.728767,3.052322,3.105493
2002.747945,3.064427,3.171437
2002.767123,3.228248,3.213778
2002.786301,3.383707,3.232258
2002.80548,3.620207,3.238782
2002.824658,3.445355,3.251467
2002.843836,3.113026,3.250598
2002.863014,3.092715,3.214676
2002.882192,3.149028,3.155125
2002.90137,3.166488,3.070825
2002.920548,3.056608,2.997502
2002.939726,2.904953,2.951917
2002.958904,2.847745,2.89467
2002.978082,2.861505,2.846176
2002.99726,2.785447,2.814931
2003.016438,2.702767,2.803888
2003.035616,2.577491,2.800154
2003.054795,2.712582,2.78484
2003.073973,2.885279,2.739088
2003.093151,2.957219,2.68868
2003.112329,2.871347,2.641975
2003.131507,2.70992,2.611139
2003.150685,2.44974,2.565307
2003.169863,2.331775,2.505932
2003.189041,2.282426,2.439074
2003.208219,2.299964,2.375986
2003.227397,2.300094,2.310157
2003.246575,2.350901,2.271042
2003.265753,2.355499,2.248818
2003.284932,2.303554,2.23832
2003.30411,2.117458,2.228178
2003.323288,2.097709,2.227544
2003.342466,2.131756,2.205273
2003.361644,2.187944,2.181863
2003.380822,2.208688,2.160363
2003.4,2.294387,2.163723
2003.419178,2.150459,2.177742
2003.438356,2.144814,2.183042
2003.457534,2.110049,2.19419
2003.476712,2.147701,2.21304
2003.49589,2.223877,2.231153
2003.515069,2.179457,2.282964
2003.534247,2.288279,2.331831
2003.553425,2.378336,2.407479
2003.572603,2.457405,2.498858
2003.591781,2.61676,2.60895
2003.610959,2.584612,2.74276
2003.630137,2.790883,2.871786
2003.649315,2.970115,2.992207
2003.668493,3.214698,3.126134
2003.687671,3.383751,3.254504
2003.706849,3.449514,3.376817
2003.726027,3.462123,3.478693
2003.745206,3.662748,3.5725
2003.764384,3.772089,3.635489
2003.783562,3.685435,3.650058
2003.80274,3.707762,3.664452
2003.821918,3.814375,3.689743
2003.841096,3.781605,3.656752
2003.860274,3.514873,3.613233
2003.879452,3.579058,3.58038
2003.917808,3.398822,3.418249
2003.936986,3.423933,3.332776
2003.956164,3.422611,3.284792
2003.975343,3.173904,3.241637
2003.994521,3.051187,3.222051
2004.013661,3.097822,3.166055
2004.032787,3.130998,3.078793
2004.051913,3.233818,2.976807
2004.071038,3.06536,2.906862
2004.090164,2.894861,2.870376
2004.10929,2.638576,2.817565
2004.128415,2.504735,2.73417
2004.147541,2.544397,2.660856
2004.166667,2.722821,2.621129
2004.185792,2.622518,2.572982
2004.204918,2.380446,2.542879
2004.224044,2.573992,2.522356
2004.243169,2.707811,2.503771
2004.262295,2.461546,2.446119
2004.281421,2.367646,2.386336
2004.300546,2.320026,2.351121
2004.319672,2.37713,2.29027
2004.338798,2.20396,2.225459
2004.357924,2.084469,2.19431
2004.377049,2.063505,2.18443
2004.396175,2.026334,2.194596
2004.415301,2.124517,2.215427
2004.434426,2.181199,2.269855
2004.453552,2.278728,2.334281
2004.472678,2.41152,2.395779
2004.491803,2.564606,2.458239
2004.510929,2.693816,2.513166
2004.530055,2.664305,2.580049
2004.54918,2.616983,2.67204
2004.568306,2.588479,2.764629
2004.587432,2.618855,2.844269
2004.606557,2.783149,2.92573
2004.625683,3.106644,3.026733
2004.644809,3.244824,3.141803
2004.663934,3.281366,3.262636
2004.68306,3.426961,3.371958
2004.702186,3.573339,3.480328
2004.721312,3.652606,3.560822
2004.740437,3.675979,3.612144
2004.759563,3.602753,3.654351
2004.778689,3.758476,3.676065
2004.797814,3.831094,3.676607
2004.81694,3.70672,3.650839
2004.836066,3.661232,3.620828
2004.855191,3.622387,3.606432
2004.874317,3.578216,3.576842
2004.893443,3.420689,3.535966
2004.912568,3.405881,3.518574
2004.931694,3.473188,3.500741
2004.95082,3.49217,3.477242
2004.969945,3.463214,3.427271
2004.989071,3.550186,3.382496
2005.008219,3.434395,3.317964
2005.027397,3.178443,3.282201
2005.046575,3.062492,3.233799
2005.065753,3.17847,3.162216
2005.084932,3.184343,3.144705
2005.10411,3.206069,3.110819
2005.123288,3.075993,3.096685
2005.142466,2.977527,3.062309
2005.161644,3.00461,2.997443
2005.180822,3.129426,2.942556
2005.2,3.051239,2.889967
2005.219178,2.753103,2.853754
2005.238356,2.594682,2.824311
2005.257534,2.690352,2.792611
2005.276712,2.732772,2.74497
2005.29589,2.750076,2.722815
2005.315069,2.71254,2.735656
2005.334247,2.719313,2.762224
2005.353425,2.700657,2.783596
2005.372603,2.85184,2.796279
2005.391781,2.868675,2.810141
2005.410959,2.833788,2.815459
2005.430137,2.882709,2.829884
2005.449315,2.846915,2.851521
2005.468493,2.874836,2.864341
2005.487671,2.760396,2.893105
2005.506849,2.849141,2.941684
2005.526027,2.895395,2.978274
2005.545206,2.967212,3.023757
2005.564384,3.127557,3.080293
2005.583562,3.270999,3.167792
2005.60274,3.212018,3.259861
2005.621918,3.256259,3.359251
2005.641096,3.38366,3.453502
2005.660274,3.547891,3.494245
2005.679452,3.677757,3.58751
2005.69863,3.789906,3.688448
2005.717808,3.815468,3.788129
2005.756164,4.017121,3.935402
2005.775343,4.01952,3.996259
2005.794521,4.053707,4.059898
2005.813699,4.058711,4.124343
2005.832877,4.051024,4.135475
2005.852055,4.164613,4.142294
2005.871233,4.299021,4.143271
2005.890411,4.331028,4.140346
2005.909589,4.224533,4.12544
2005.928767,4.078492,4.095155
2005.947945,4.028308,4.032507
2005.967123,4.027383,3.928091
2005.986301,3.924561,3.814609
2006.00548,3.77846,3.722315
2006.024658,3.600781,3.631765
2006.043836,3.359269,3.531714
2006.063014,3.309691,3.426301
2006.082192,3.393892,3.334631
2006.10137,3.263543,3.256011
2006.120548,3.127843,3.180161
2006.139726,3.078674,3.113923
2006.158904,3.099527,3.056436
2006.178082,3.07088,2.997278
2006.19726,2.918127,2.950967
2006.216438,2.763132,2.929075
2006.235616,2.79231,2.896846
2006.254795,2.861471,2.862768
2006.273973,2.846737,2.836866
2006.293151,2.930816,2.845526
2006.312329,2.788614,2.868614
2006.331507,2.79282,2.890041
2006.350685,2.83777,2.905775
2006.369863,2.996063,2.925973
2006.389041,2.970921,2.94295
2006.408219,2.985161,2.978794
2006.427397,3.00307,3.031898
2006.446575,3.028524,3.078497
2006.465753,3.083603,3.105785
2006.484932,3.111215,3.151404
2006.50411,3.270758,3.206685
2006.523288,3.257154,3.253812
2006.542466,3.241662,3.290717
2006.561644,3.381489,3.325602
2006.580822,3.482693,3.399355
2006.6,3.427206,3.47286
2006.619178,3.360671,3.573726
2006.638356,3.397573,3.691922
2006.657534,3.774987,3.797795
2006.676712,3.9323,3.86792
2006.69589,4.164951,3.960938
2006.715069,4.305428,4.078777
2006.734247,4.33434,4.205558
2006.753425,4.113818,4.29066
2006.772603,4.264369,4.335455
2006.791781,4.421221,4.359813
2006.810959,4.538607,4.326501
2006.830137,4.540904,4.270777
2006.887671,4.072247,4.143601
2006.906849,3.944275,4.043081
2006.926027,3.982764,3.93334
2006.945206,3.987486,3.895108
2006.964384,3.938924,3.851816
2006.983562,3.834964,3.791377
2007.00274,3.772723,3.722082
2007.021918,3.627485,3.647637
2007.041096,3.505474,3.558367
2007.060274,3.528302,3.470578
2007.079452,3.320615,3.398549
2007.09863,3.312757,3.352725
2007.117808,3.184057,3.314502
2007.136986,3.148829,3.273474
2007.156164,3.186703,3.232867
2007.175343,3.360305,3.220381
2007.194521,3.28348,3.225954
2007.213699,3.13622,3.247922
2007.232877,3.162841,3.267903
2007.252055,3.208238,3.274591
2007.271233,3.362914,3.244213
2007.290411,3.381768,3.215082
2007.309589,3.328658,3.217957
2007.328767,3.246897,3.21498
2007.347945,3.086898,3.193586
2007.367123,3.021302,3.152605
2007.386301,3.162099,3.103838
2007.40548,3.136048,3.080763
2007.424658,3.015687,3.074658
2007.443836,2.994085,3.07606
2007.463014,2.94287,3.08783
2007.482192,3.120985,3.086033
2007.50137,3.191947,3.100886
2007.520548,3.099514,3.137627
2007.539726,3.127233,3.197504
2007.558904,3.145924,3.27494
2007.578082,3.269725,3.33304
2007.59726,3.346361,3.379948
2007.616438,3.532978,3.443182
2007.635616,3.639789,3.52238
2007.654795,3.643888,3.62041
2007.673973,3.61412,3.711925
2007.693151,3.66862,3.801768
2007.712329,3.840015,3.879952
2007.731507,4.028195,3.939112
2007.750685,4.093361,4.002234
2007.769863,4.154944,4.072005
2007.789041,4.236633,4.153395
2007.808219,4.172236,4.232501
2007.827397,4.211983,4.293904
2007.846575,4.242056,4.331671
2007.865753,4.401134,4.33588
2007.884932,4.551967,4.306142
2007.90411,4.580821,4.264833
2007.923288,4.433269,4.21587
2007.942466,4.192819,4.172658
2007.961644,3.968994,4.11006
2007.980822,3.800459,4.026071
2008,3.771312,3.934331
2008.019126,3.853145,3.843912
2008.038251,3.837754,3.760776
2008.057377,3.796064,3.706708
2008.076503,3.755158,3.652453
2008.095628,3.619506,3.594844
2008.114754,3.444594,3.541924
2008.13388,3.48238,3.509075
2008.153006,3.312162,3.473338
2008.172131,3.252834,3.437652
2008.191257,3.376863,3.400314
2008.210383,3.54211,3.398039
2008.229508,3.474437,3.383348
2008.248634,3.433977,3.381632
2008.26776,3.283465,3.379913
2008.286885,3.424124,3.412458
2008.306011,3.350157,3.425298
2008.325137,3.29672,3.441118
2008.344262,3.237362,3.460533
2008.363388,3.669769,3.481342
2008.382514,3.657667,3.496091
2008.401639,3.616818,3.528642
2008.420765,3.608715,3.568767
2008.439891,3.470744,3.624005
2008.459016,3.556869,3.636877
2008.478142,3.643118,3.65771
2008.497268,3.657837,3.687602
2008.516393,3.734512,3.724688
2008.535519,3.78561,3.788073
2008.554645,3.845168,3.855689
2008.573771,3.885843,3.917637
2008.592896,3.942486,3.995926
2008.612022,4.041216,4.067053
2008.631148,4.165411,4.134912
2008.650273,4.200648,4.200042
2008.669399,4.36244,4.274222
2008.688525,4.374656,4.35998
2008.70765,4.396344,4.431621
2008.726776,4.431331,4.498472
2008.745902,4.553463,4.551947
2008.765027,4.714311,4.592175
2008.784153,4.68599,4.637931
2008.803279,4.767064,4.685294
2008.822404,4.681928,4.737115
2008.84153,4.724488,4.782222
2008.860656,4.786456,4.791172
2008.879781,4.822611,4.779778
2008.898907,4.897722,4.732536
2008.918033,4.959427,4.679824
2008.937159,4.794861,4.674241
2008.956284,4.583444,4.594738
2008.97541,4.341891,4.5251
2008.994536,4.207519,4.430577
2009.013699,4.150433,4.206764
2009.032877,4.265505,4.118643
2009.052055,4.141538,4.04031
2009.071233,4.044651,3.982124
2009.090411,3.919131,3.967582
2009.109589,3.878473,3.939507
2009.128767,3.71523,3.904635
2009.147945,3.74203,3.87759
2009.167123,3.85125,3.86645
2009.186301,3.897752,3.860186
2009.20548,3.951659,3.849643
2009.224658,3.898132,3.856258
2009.243836,3.944398,3.857149
2009.263014,3.862754,3.84865
2009.282192,3.78358,3.832433
2009.30137,3.774763,3.806402
2009.320548,3.750052,3.782346
2009.339726,3.774757,3.765326
2009.358904,3.751798,3.76651
2009.378082,3.717388,3.777072
2009.39726,3.681626,3.795066
2009.416438,3.79122,3.807391
2009.435616,3.873405,3.815314
2009.454795,3.878641,3.830136
2009.473973,3.936704,3.872358
2009.493151,3.860978,3.933589
2009.512329,3.846067,3.98701
2009.531507,3.885194,4.038483
2009.550685,4.097384,4.102665
2009.569863,4.232709,4.178442
2009.589041,4.272009,4.280789
2009.608219,4.336662,4.402105
2009.627397,4.456275,4.537004
2009.646575,4.618696,4.663628
2009.665753,4.782105,4.777727
2009.684932,4.937907,4.900878
2009.70411,5.099288,5.012288
2009.723288,5.237004,5.116719
2009.742466,5.259594,5.20825
2009.761644,5.380366,5.280514
2009.780822,5.339355,5.33118
2009.8,5.396159,5.355907
2009.819178,5.44247,5.360674
2009.838356,5.432481,5.364417
2009.857534,5.393901,5.340109
2009.876712,5.321835,5.292423
2009.89589,5.279908,5.251897
2009.915069,5.293275,5.203031
2009.934247,5.161592,5.139061
2009.953425,4.910187,5.061347
2009.972603,5.031424,4.981778
2009.991781,5.002674,4.874799
2010.010959,4.856753,4.752727
2010.030137,4.69447,4.64503
2010.049315,4.605718,4.590268
2010.068493,4.317097,4.544274
2010.087671,4.194628,4.497268
2010.106849,4.192316,4.448373
2010.126027,4.417336,4.402124
2010.145206,4.61747,4.354847
2010.164384,4.579624,4.327796
2010.183562,4.416696,4.318435
2010.20274,4.278229,4.301014
2010.221918,4.180226,4.263607
2010.241096,4.07364,4.200723
2010.260274,4.110381,4.135002
2010.279452,4.035526,4.097549
2010.29863,4.080673,4.094205
2010.317808,4.051509,4.101511
2010.336986,3.988134,4.132988
2010.356164,4.079621,4.160229
2010.375343,4.248135,4.195626
2010.394521,4.245985,4.233549
2010.413699,4.356929,4.277594
2010.432877,4.355546,4.332069
2010.452055,4.354106,4.382093
2010.471233,4.421978,4.411304
2010.490411,4.44791,4.436678
2010.509589,4.478411,4.441754
2010.528767,4.529837,4.468991
2010.547945,4.511031,4.504325
2010.567123,4.474356,4.538268
2010.586301,4.402609,4.567194
2010.60548,4.600677,4.602902
2010.624658,4.67212,4.638663
2010.643836,4.727465,4.681883
2010.663014,4.708237,4.734444
2010.682192,4.799788,4.802387
2010.70137,4.851688,4.864725
2010.720548,4.900004,4.932978
2010.739726,4.947412,5.014007
2010.758904,5.014091,5.086534
2010.778082,5.161722,5.141947
2010.79726,5.286395,5.178329
2010.816438,5.456723,5.198062
2010.835616,5.360982,5.187189
2010.854795,5.298501,5.168388
2010.873973,5.179134,5.12879
2010.893151,5.077597,5.076825
2010.912329,4.849555,5.008724
2010.931507,4.844883,4.939259
2010.950685,4.805343,4.857893
2010.969863,4.818706,4.787505
2010.989041,4.843818,4.723582
2011.008219,4.735795,4.663641
2011.027397,4.566208,4.588877
2011.046575,4.545642,4.513025
2011.065753,4.50229,4.428543
2011.084932,4.310087,4.339285
2011.10411,4.172004,4.262657
2011.123288,4.122674,4.195749
2011.142466,4.058371,4.1075
2011.161644,4.040493,4.015817
2011.180822,4.046146,3.950234
2011.2,3.964035,3.911812
2011.219178,3.751397,3.870673
2011.238356,3.677149,3.830494
2011.257534,3.719835,3.775751
2011.276712,3.826206,3.72529
2011.29589,3.752426,3.692155
2011.315069,3.696758,3.697841
2011.334247,3.547804,3.708442
2011.353425,3.592,3.724107
2011.372603,3.665817,3.740331
2011.391781,3.802576,3.775552
2011.410959,3.772555,3.828087
2011.430137,3.860823,3.892571
2011.449315,3.972225,3.942032
2011.468493,4.069414,3.986043
2011.487671,4.169566,4.03184
2011.506849,4.128162,4.10196
2011.526027,4.037154,4.181417
2011.545206,4.061909,4.268544
2011.564384,4.214747,4.360157
2011.583562,4.403642,4.453438
2011.60274,4.575929,4.555051
2011.621918,4.75637,4.663094
2011.641096,4.893928,4.777252
2011.660274,5.009097,4.891788
2011.679452,5.04268,5.006045
2011.69863,5.009538,5.117149
2011.717808,5.089333,5.213407
2011.736986,5.24557,5.288407
2011.756164,5.431956,5.337169
2011.775343,5.575872,5.360944
2011.794521,5.622684,5.379506
2011.813699,5.568933,5.392393
2011.832877,5.447949,5.394686
2011.852055,5.256663,5.379857
2011.871233,5.176597,5.350236
2011.890411,5.205314,5.317373
2011.909589,5.266204,5.283147
2011.928767,5.298498,5.269762
2011.947945,5.309278,5.268398
2011.967123,5.326926,5.265174
2011.986301,5.26089,5.274651
2012.005465,5.327492,5.270445
2012.02459,5.244382,5.252238
2012.043716,5.147583,5.229475
2012.062842,5.290606,5.203791
2012.081967,5.228346,5.167431
2012.101093,5.134641,5.110282
2012.120219,5.104409,5.064159
2012.139344,5.095767,5.028729
2012.15847,4.933653,4.97616
2012.177596,4.81315,4.936513
2012.196721,4.829274,4.895976
2012.215847,4.82871,4.847121
2012.234973,4.817491,4.8116
2012.254098,4.871523,4.790513
2012.273224,4.769809,4.78325
2012.29235,4.664709,4.782167
2012.311475,4.776084,4.764941
2012.330601,4.743868,4.760215
2012.349727,4.747786,4.767541
2012.368853,4.819525,4.795063
2012.387978,4.673672,4.837118
2012.407104,4.77496,4.870412
2012.42623,4.937452,4.906976
2012.445355,5.01751,4.966853
2012.464481,5.043204,5.034881
2012.483607,5.075734,5.135801
2012.502732,5.072942,5.228879
2012.521858,5.286681,5.306147
2012.540984,5.43177,5.37595
2012.560109,5.581959,5.440871
2012.579235,5.612654,5.507538
2012.598361,5.632866,5.588394
2012.617486,5.64574,5.665152
2012.636612,5.627497,5.743342
2012.655738,5.675731,5.829874
2012.674863,5.80065,5.933426
2012.693989,5.977504,6.039507
2012.713115,6.135476,6.147202
2012.73224,6.360744,6.249042
2012.751366,6.544625,6.340776
2012.770492,6.587592,6.414526
2012.789618,6.614996,6.468558
2012.808743,6.544055,6.491465
2012.827869,6.501338,6.495243
2012.846995,6.464399,6.487596
2012.86612,6.4638,6.459227
2012.885246,6.341634,6.409101
2012.904372,6.394749,6.372054
2012.923497,6.475799,6.355893
2012.942623,6.332277,6.316766
2012.961749,6.163857,6.256702
2012.980874,6.210631,6.201579
2013,6.151383,6.098021
2013.019178,5.983289,6.03744
2013.038356,5.900645,5.984772
2013.057534,6.016881,5.904473
2013.076712,6.025204,5.876176
2013.09589,5.847632,5.822335
2013.115069,5.742513,5.778076
2013.134247,5.56824,5.747011
2013.153425,5.649797,5.699547
2013.172603,5.666811,5.65884
2013.191781,5.584956,5.608161
2013.210959,5.621065,5.554933
2013.230137,5.589705,5.51526
2013.268493,5.442197,5.426436
2013.287671,5.316696,5.387008
2013.306849,5.250849,5.333408
2013.326027,5.321152,5.280995
2013.345206,5.284864,5.258743
2013.364384,5.269538,5.214207
2013.383562,5.192264,5.190272
2013.40274,5.170399,5.183936
2013.421918,5.080724,5.181597
2013.441096,5.041381,5.182676
2013.460274,5.101276,5.188166
2013.479452,5.193826,5.210294
2013.49863,5.300097,5.248579
2013.517808,5.294578,5.295509
2013.536986,5.318947,5.348806
2013.556164,5.391419,5.397194
2013.575343,5.514962,5.456543
2013.594521,5.503097,5.518842
2013.613699,5.521048,5.546875
2013.632877,5.536776,5.66156
2013.652055,5.727962,5.759893
2013.671233,5.860794,5.850038
2013.709589,6.236423,6.04969
2013.728767,6.178084,6.165995
2013.747945,6.236125,6.268398
2013.767123,6.278396,6.346712
2013.786301,6.342962,6.355961
2013.80548,6.467213,6.369152
2013.824658,6.547186,6.39211
2013.843836,6.48731,6.393674
2013.863014,6.429947,6.363063
2013.882192,6.355148,6.321015
2013.90137,6.3847,6.269997
2013.920548,6.250207,6.223073
2013.939726,6.00289,6.169476
2013.958904,5.964535,6.109572
2013.978082,6.008053,6.043983
2013.99726,6.12487,5.975623
2014.016438,6.004935,5.899083
2014.035616,5.890809,5.868553
2014.054795,5.764844,5.852463
2014.073973,5.769467,5.82228
2014.093151,5.561341,5.78801
2014.112329,5.728121,5.751955
2014.131507,5.819729,5.710823
2014.150685,5.736403,5.676065
2014.169863,5.816438,5.641863
2014.189041,5.680443,5.62101
2014.208219,5.520617,5.573506
2014.227397,5.452026,5.505431
2014.246575,5.461646,5.445057
2014.265753,5.373665,5.368402
2014.284932,5.300588,5.29858
2014.30411,5.207054,5.246185
2014.323288,5.193031,5.208826
2014.342466,5.126545,5.1779
2014.361644,5.052042,5.168987
2014.380822,5.04907,5.17796
2014.4,5.115793,5.205731
2014.419178,5.183314,5.251646
2014.438356,5.293448,5.326522
2014.457534,5.381342,5.391796
2014.476712,5.456991,5.474211
2014.49589,5.60627,5.558236
2014.515069,5.800427,5.638626
2014.534247,5.63951,5.729794
2014.553425,5.790803,5.826551
2014.572603,5.872018,5.934203
2014.591781,5.906824,6.025693
2014.610959,6.113958,6.104022
2014.630137,6.252153,6.196449
2014.649315,6.425865,6.283926
2014.668493,6.429678,6.370899
2014.687671,6.505391,6.469317
2014.706849,6.471348,6.560767
2014.726027,6.578097,6.637399
2014.745206,6.654773,6.683305
2014.764384,6.792585,6.723916
2014.783562,6.937011,6.750932
2014.80274,6.941839,6.765831
2014.821918,6.839023,6.751814
2014.841096,6.795174,6.739314
2014.860274,6.748536,6.741742
2014.879452,6.605443,6.749437
2014.89863,6.451944,6.734134
2014.917808,6.542267,6.70152
2014.936986,6.81444,6.666955
2014.956164,7.006271,6.636871
2014.975343,6.804109,6.62136
2014.994521,6.545499,6.626052
2015.013699,6.484086,6.621799
2015.032877,6.477784,6.59061
2015.052055,6.465842,6.532965
2015.071233,6.494174,6.497764
2015.090411,6.503984,6.489643
2015.109589,6.53374,6.474582
2015.128767,6.487463,6.438773
2015.147945,6.487303,6.403168
2015.167123,6.472411,6.36456
2015.186301,6.348537,6.324876
2015.20548,6.155505,6.281078
2015.224658,6.145394,6.239942
2015.243836,6.146705,6.199442
2015.263014,6.146822,6.160557
2015.282192,6.139565,6.118333
2015.30137,6.117237,6.088495
2015.320548,6.122805,6.069077
2015.339726,6.122446,6.063871
2015.358904,5.96852,6.058781
2015.378082,5.886958,6.071956
2015.39726,5.970637,6.099584
2015.416438,6.099848,6.130696
2015.435616,6.101013,6.175942
2015.454795,6.25814,6.248909
2015.473973,6.365888,6.34215
2015.493151,6.402815,6.43928
2015.512329,6.529655,6.527286
2015.531507,6.625226,6.62464
2015.550685,6.726127,6.713558
2015.569863,6.844804,6.81826
2015.589041,6.891906,6.942109
2015.608219,6.977196,7.058658
2015.627397,7.058409,7.175053
2015.646575,7.308206,7.275294
2015.665753,7.517455,7.369887
2015.684932,7.578593,7.467463
2015.70411,7.672779,7.569333
2015.723288,7.628299,7.685629
2015.742466,7.696143,7.773609
2015.761644,7.770084,7.823356
2015.780822,7.894033,7.842487
2015.8,8.105068,7.831812
2015.819178,8.100027,7.82517
2015.838356,7.965181,7.830384
2015.857534,7.750771,7.814295
2015.876712,7.576705,7.775564
2015.89589,7.568519,7.702268
2015.915069,7.74307,7.595911
2015.934247,7.625279,7.49361
2015.953425,7.545454,7.429039
2015.972603,7.445403,7.411366
2015.991781,7.142817,7.390282
2016.010929,7.044477,7.346273
2016.030055,7.16963,7.310416
2016.04918,7.417641,7.275913
2016.068306,7.378768,7.241298
2016.087432,7.346988,7.241245
2016.106557,7.302567,7.240101
2016.125683,7.234929,7.214097
2016.144809,7.133863,7.156664
2016.163934,7.14234,7.096355
2016.18306,7.034178,7.024441
2016.202186,6.935603,6.935558
2016.221312,6.900737,6.861594
2016.240437,6.835993,6.794982
2016.259563,6.699757,6.716694
2016.278689,6.50262,6.646755
2016.297814,6.569257,6.586561
2016.31694,6.534353,6.531851
2016.336066,6.43775,6.483051
2016.355191,6.404729,6.465307
2016.374317,6.393857,6.478539
2016.393443,6.408344,6.489862
2016.412568,6.396787,6.516076
2016.431694,6.540069,6.552178
2016.45082,6.621706,6.588182
2016.469945,6.671161,6.623752
2016.489071,6.770282,6.655472
2016.508197,6.762662,6.689439
2016.527322,6.728767,6.711985
2016.546448,6.713986,6.734431
2016.565574,6.693824,6.762638
2016.5847,6.702492,6.812496
2016.603825,6.742988,6.888224
2016.622951,6.823715,6.974505
2016.642077,6.925025,7.066962
2016.661202,7.219009,7.162643
2016.680328,7.444206,7.249862
2016.699454,7.505299,7.346779
2016.718579,7.546102,7.453918
2016.737705,7.554952,7.558658
2016.756831,7.487459,7.633991
2016.775956,7.615247,7.679497
2016.795082,7.787962,7.733421
2016.814208,7.86769,7.792222
2016.833333,7.897,7.831614
2016.852459,7.853764,7.85935
2016.871585,7.990608,7.864781
2016.89071,8.07531,7.827215
2016.909836,7.909488,7.776992
2016.928962,7.737077,7.761991
2016.948087,7.664127,7.670733
2016.967213,7.449866,7.557514
2016.986339,7.415686,7.440909
2017.00548,7.123698,7.21309
2017.024658,7.084859,7.093842
2017.043836,7.142473,6.992092
2017.063014,7.022656,6.903811
2017.082192,6.801356,6.880675
2017.10137,6.710145,6.837442
2017.120548,6.635864,6.797188
2017.139726,6.709435,6.748775
2017.158904,6.69559,6.727815
2017.178082,6.734597,6.722981
2017.19726,6.722577,6.72238
2017.216438,6.706756,6.719305
2017.235616,6.834015,6.705898
2017.254795,6.757851,6.680996
2017.273973,6.704735,6.647378
2017.293151,6.608187,6.598232
2017.312329,6.588779,6.550993
2017.331507,6.471468,6.492106
2017.350685,6.432034,6.448008
2017.369863,6.280261,6.413739
2017.389041,6.281605,6.407196
2017.408219,6.304035,6.40825
2017.427397,6.360968,6.430674
2017.446575,6.396313,6.449035
2017.465753,6.549301,6.494967
2017.484932,6.598265,6.558288
2017.50411,6.673284,6.640896
2017.523288,6.597283,6.735278
2017.542466,6.693646,6.83835
2017.561644,6.851495,6.925703
2017.580822,7.047505,7.014935
2017.6,7.210409,7.110931
2017.619178,7.323962,7.230455
2017.638356,7.335477,7.354308
2017.657534,7.401358,7.454256
2017.676712,7.537243,7.532404
2017.69589,7.673004,7.60502
2017.715069,7.80832,7.675047
2017.734247,7.751023,7.752515
2017.753425,7.750838,7.827465
2017.772603,7.863953,7.88426
2017.791781,7.954209,7.926679
2017.810959,8.032685,7.955949
2017.830137,8.075915,7.98746
2017.849315,8.048392,8.018962
2017.868493,8.054779,8.038196
2017.887671,8.071744,8.027335
2017.906849,8.034627,7.9769
2017.926027,8.034352,7.905629
2017.945206,8.037062,7.825563
2017.964384,7.856459,7.74373
2017.983562,7.578774,7.663463
2018.00274,7.434471,7.591791
2018.021918,7.327797,7.504506
2018.041096,7.31828,7.399196
2018.060274,7.349342,7.291457
2018.079452,7.389577,7.201494
2018.09863,7.248796,7.136732
2018.117808,7.089271,7.092778
2018.136986,6.886807,7.045895
2018.156164,6.769108,6.985511
2018.175343,6.851612,6.916326
2018.194521,6.932214,6.859821
2018.213699,6.896325,6.809018
2018.232877,6.805886,6.780295
2018.252055,6.766913,6.756344
2018.271233,6.740257,6.718426
2018.290411,6.632043,6.689421
2018.309589,6.628298,6.659727
2018.328767,6.553545,6.646682
2018.347945,6.510349,6.645024
2018.367123,6.671173,6.656883
2018.386301,6.62908,6.659111
2018.40548,6.688478,6.663078
2018.424658,6.751991,6.691681
2018.443836,6.846987,6.742227
2018.463014,6.652098,6.782897
2018.482192,6.664,6.840666
2018.50137,6.810971,6.892907
2018.520548,6.965267,6.948095
2018.539726,7.037198,7.003344
2018.558904,7.149006,7.087974
2018.578082,7.158642,7.191269
2018.59726,7.248684,7.298825
2018.616438,7.344229,7.417173
2018.635616,7.41377,7.535124
2018.654795,7.593651,7.665005
2018.673973,7.778983,7.80563
2018.693151,8.030393,7.922085
2018.712329,8.098756,8.031581
2018.731507,8.317937,8.14264
2018.750685,8.424268,8.238881
2018.769863,8.296776,8.312175
2018.789041,8.329699,8.345625
2018.808219,8.413298,8.356647
2018.827397,8.45982,8.338626
2018.846575,8.438625,8.3083
2018.865753,8.331445,8.27733
2018.884932,8.19796,8.237108
2018.90411,8.155742,8.178477
2018.923288,8.151334,8.098711
2018.942466,8.018049,8.01518
2018.961644,7.967698,7.963834
2018.980822,7.885618,7.928123
2019,7.741928,7.892713
2019.019178,7.686842,7.850408
2019.038356,7.869337,7.810205
2019.057534,7.876558,7.757545
2019.076712,7.837056,7.7193
2019.09589,7.770582,7.716471
2019.115069,7.656226,7.700904
2019.134247,7.49376,7.671254
2019.153425,7.541407,7.638891
2019.191781,7.562303,7.538616
2019.210959,7.632138,7.4893
2019.230137,7.617657,7.461392
2019.249315,7.49097,7.442814
2019.268493,7.314468,7.445214
2019.287671,7.261698,7.442028
2019.306849,7.270498,7.416112
2019.326027,7.392781,7.393683
2019.345206,7.464413,7.369559
2019.364384,7.533625,7.370058
2019.383562,7.398893,7.389409
2019.40274,7.415802,7.412016
2019.421918,7.273856,7.435377
2019.441096,7.318955,7.460872
2019.460274,7.435855,7.487949
2019.479452,7.473965,7.518711
2019.49863,7.603032,7.553482
2019.517808,7.693861,7.627563
2019.536986,7.777318,7.725323
2019.556164,7.675757,7.828364
2019.575343,7.728735,7.942323
2019.594521,7.940588,8.04842
2019.613699,8.198794,8.162034
2019.632877,8.363227,8.279239
2019.652055,8.499599,8.411151
2019.671233,8.557902,8.523429
2019.690411,8.716384,8.617386
2019.709589,8.832163,8.683062
2019.728767,8.86297,8.729124
2019.747945,8.739235,8.757528
2019.767123,8.786201,8.792464
2019.786301,8.789876,8.818648
2019.80548,8.777786,8.826885
2019.824658,8.755239,8.81834
2019.843836,8.872319,8.815352
2019.863014,8.952039,8.805345
2019.882192,8.906301,8.781225
2019.90137,8.786063,8.731369
2019.920548,8.712343,8.68639
2019.939726,8.696134,8.608757
2019.958904,8.572797,8.500794
2019.978082,8.329081,8.387715
2019.99726,8.350433,8.297473
2020.016393,8.173622,8.245614
2020.035519,7.980367,8.181254
2020.054645,7.888595,8.084423
2020.073771,7.973882,8.024926
2020.131148,7.894977,7.876032
2020.150273,7.912607,7.824651
2020.169399,7.917497,7.773261
2020.188525,7.829393,7.764681
2020.20765,7.71527,7.749859
2020.226776,7.528928,7.703679
2020.245902,7.614154,7.672108
2020.265027,7.704623,7.649717
2020.284153,7.631277,7.641811
2020.303279,7.479358,7.638609
2020.322404,7.628475,7.656452
2020.34153,7.715971,7.658724
2020.360656,7.758239,7.66078
2020.379781,7.686459,7.664394
2020.398907,7.689508,7.699479
2020.418033,7.634603,7.729954
2020.437159,7.723132,7.758633
2020.456284,7.663796,7.77946
2020.47541,7.795129,7.820022
2020.494536,7.90275,7.870707
2020.513661,7.974079,7.932938
2020.532787,7.94568,7.983852
2020.551913,8.051522,8.052364
2020.571038,8.145671,8.117601
2020.590164,8.194686,8.192798
2020.60929,8.181351,8.279968
2020.628415,8.280403,8.383272
2020.647541,8.382267,8.475583
2020.666667,8.579519,8.563628
2020.685792,8.758615,8.663035
2020.704918,8.875411,8.772945
2020.724044,8.882327,8.889224
2020.743169,8.938071,9.001782
2020.762295,9.08935,9.097095
2020.781421,9.17054,9.157119
2020.800546,9.32692,9.1831
2020.819672,9.395289,9.188148
2020.838798,9.437332,9.176552
2020.857924,9.298831,9.14893
2020.877049,9.109243,9.103018
2020.896175,8.927758,9.029143
2020.915301,8.833709,8.957079
2020.934426,8.840745,8.897048
2020.953552,8.757335,8.830859
2020.972678,8.662043,8.782551
2020.991803,8.746718,8.753252
2021.010959,8.769324,8.722229
2021.030137,8.722776,8.672863
2021.049315,8.693364,8.615803
2021.068493,8.74919,8.536322
2021.087671,8.677082,8.461774
2021.106849,8.362404,8.370985
2021.126027,8.205568,8.288044
2021.145206,8.11087,8.212135
2021.164384,7.865389,8.145965
2021.183562,7.952218,8.090973
2021.20274,7.976311,8.081298
2021.221918,8.010184,8.088338
2021.241096,8.153662,8.090979
2021.260274,8.182154,8.109585
2021.279452,8.275326,8.115552
2021.29863,8.268924,8.115683
2021.317808,8.134644,8.118515
2021.336986,8.032839,8.085339
2021.356164,8.005928,8.044631
2021.375343,7.977486,8.007966
2021.394521,8.035671,7.995509
2021.413699,7.855078,8.004506
2021.432877,7.815779,8.031796
2021.452055,7.945342,8.074581
2021.471233,8.156812,8.130393
2021.490411,8.215622,8.194142
2021.509589,8.278442,8.294637
2021.528767,8.390995,8.416574
2021.547945,8.479795,8.531428
2021.567123,8.609409,8.599877
2021.586301,8.759541,8.6674
2021.60548,8.913213,8.752116
2021.624658,8.979021,8.846368
2021.643836,8.772857,8.952042
2021.663014,8.823324,9.048211
2021.682192,9.040891,9.134983
2021.70137,9.239263,9.207887
2021.720548,9.430855,9.28767
2021.739726,9.474933,9.393474
2021.758904,9.540493,9.486029
2021.778082,9.569349,9.54392
2021.79726,9.697064,9.558511
2021.816438,9.725095,9.553562
2021.835616,9.656322,9.566037
2021.854795,9.561908,9.567116
2021.873973,9.370582,9.532625
2021.893151,9.386313,9.461804
2021.912329,9.587206,9.378462
2021.931507,9.550207,9.317683
2021.950685,9.25893,9.27297
2021.969863,9.059677,9.240088
2021.989041,8.975018,9.196406
2022.008219,9.109307,9.130294
2022.027397,9.159488,9.060359
2022.046575,9.074645,9.003012
2022.065753,8.993171,8.942827
2022.084932,8.992201,8.873474
2022.10411,8.920789,8.775398
2022.123288,8.74281,8.677874
2022.142466,8.518011,8.591799
2022.161644,8.350841,8.517391
2022.180822,8.226623,8.46051
2022.2,8.281772,8.404576
2022.219178,8.299976,8.355968
2022.238356,8.3235,8.335786
2022.257534,8.480264,8.331453
2022.276712,8.41739,8.332931
2022.29589,8.30534,8.316327
2022.315069,8.33637,8.289021
2022.334247,8.311845,8.263382
2022.353425,8.239922,8.22971
2022.372603,8.132336,8.207425
2022.391781,8.054222,8.218942
2022.410959,8.092753,8.236073
2022.430137,8.177209,8.265422
2022.449315,8.216828,8.323903
2022.468493,8.408993,8.388557
2022.487671,8.490549,8.461565
2022.506849,8.575989,8.534906
2022.526027,8.766246,8.60115
2022.545206,8.714226,8.678291
2022.564384,8.711288,8.763611
2022.583562,8.75283,8.857439
2022.60274,8.773405,8.946552
2022.621918,8.911092,9.030417
2022.641096,9.176871,9.128939
2022.660274,9.335002,9.231206
2022.679452,9.378009,9.348034
2022.69863,9.521031,9.474704
2022.717808,9.600927,9.578467
2022.736986,9.631685,9.65263
2022.756164,9.804281,9.705705
2022.775343,9.913437,9.74378
2022.794521,9.844961,9.751173
2022.813699,9.844339,9.732214
2022.832877,9.812675,9.704816
2022.852055,9.720681,9.66091
2022.871233,9.587569,9.626949
2022.890411,9.430301,9.620973
2022.909589,9.3851,9.616887
2022.928767,9.40913,9.58003
2022.947945,9.607781,9.545065
2022.967123,9.791177,9.535684
2022.986301,9.807569,9.529617
2023.00548,9.480966,9.520155
2023.024658,9.405993,9.490105
2023.043836,9.503143,9.421677
2023.063014,9.375693,9.319187
2023.082192,9.299943,9.215191
2023.10137,9.138679,9.149724
2023.120548,8.991929,9.087888
2023.139726,8.868769,9.003482
2023.158904,8.871605,8.904094
2023.178082,8.891766,8.81242
2023.19726,8.849462,8.746269
2023.216438,8.743493,8.692493
2023.235616,8.481204,8.649048
2023.254795,8.474873,8.623338
2023.273973,8.543319,8.59719
2023.293151,8.507949,8.574251
2023.312329,8.477761,8.579942
2023.331507,8.64022,8.631216
2023.350685,8.65643,8.683025
2023.369863,8.643007,8.720936
2023.389041,8.794713,8.762397
2023.408219,8.942672,8.815042
2023.427397,8.94115,8.866837
2023.446575,8.884518,8.925761
2023.465753,8.881103,8.991478
2023.484932,8.951568,9.054135
2023.50411,9.106374,9.10906
2023.523288,9.18674,9.205612
2023.542466,9.234468,9.316555
2023.561644,9.358622,9.424058
2023.580822,9.436998,9.530129
2023.6,9.810119,9.625225
2023.619178,9.883006,9.718618
2023.638356,9.848626,9.821394
2023.657534,9.90621,9.935896
2023.676712,9.962233,10.068403
2023.69589,10.02728,10.179147
2023.715069,10.159452,10.300395
2023.734247,10.38914,10.402
2023.753425,10.629563,10.471672
2023.772603,10.806815,10.514241
2023.791781,10.974233,10.538865
2023.810959,10.763077,10.540138
2023.830137,10.533255,10.503733
2023.849315,10.345355,10.43713
2023.868493,10.248897,10.353043
2023.887671,10.17091,10.246123
2023.906849,10.061493,10.157592
2023.926027,10.030137,10.095962
2023.945206,10.050028,10.046798
2023.964384,10.011957,10.00221
2023.983562,9.966293,9.984493
2024.002732,9.978585,9.962838
2024.021858,9.902878,9.914458
2024.040984,9.847609,9.87364
2024.060109,10.011455,9.852787
2024.079235,9.866594,9.839197
2024.098361,9.594722,9.817373
2024.117486,9.682664,9.802847
2024.136612,9.82428,9.797213
2024.155738,9.843982,9.762522
2024.174863,9.782171,9.719484
2024.193989,9.772142,9.690296
2024.213115,9.796909,9.652085
2024.23224,9.699234,9.596616
2024.251366,9.479254,9.545323
2024.270492,9.332024,9.502983
2024.289618,9.338771,9.458997
2024.308743,9.32506,9.405849
2024.327869,9.382344,9.36525
2024.346995,9.401107,9.345048
2024.36612,9.376272,9.359648
2024.385246,9.318576,9.363654
2024.404372,9.33384,9.372526
2024.423497,9.297443,9.373843
2024.442623,9.463421,9.39387
2024.461749,9.374825,9.391143
2024.480874,9.404906,9.392704
2024.5,9.394198,9.385875
2024.519126,9.581344,9.38562
2024.538251,9.351734,9.386903
2024.557377,9.332621,9.420454
2024.576503,9.272387,9.475203
2024.595628,9.295147,9.537422
2024.614754,9.474967,9.583949
2024.63388,9.676779,9.649709
2024.653006,9.897648,9.718249
2024.672131,9.954176,9.814105
2024.691257,10.000079,9.94401
2024.710383,9.943578,10.07466
2024.729508,9.949476,10.192399
2024.748634,10.135099,10.2704
2024.76776,10.464288,10.3313
2024.786885,10.650815,10.398105
2024.806011,10.73643,10.474081
2024.825137,10.599662,10.538486
2024.844262,10.502277,10.572415
2024.863388,10.60132,10.570271
2024.882514,10.62736,10.573363
2024.901639,10.52912,10.570363
2024.920765,10.440462,10.547786
2024.939891,10.444998,10.553475
2024.959016,10.678637,10.503926
2024.978142,10.709428,10.427882
2024.997268,10.396477,10.337625
2025.016438,10.20493,10.137586
2025.035616,10.019005,10.010824
2025.054795,9.807061,9.901357
2025.073973,9.628024,9.841723
2025.093151,9.657126,9.83074
2025.112329,9.664539,9.761623
2025.131507,9.833695,9.71039
2025.150685,9.919407,9.673552
2025.169863,9.742876,9.661347
2025.189041,9.582871,9.627103
2025.208219,9.55791,9.583141
2025.227397,9.475523,9.489028
2025.246575,9.518179,9.381918
2025.265753,9.34893,9.309183
2025.284932,9.268876,9.259311
2025.30411,8.986678,9.214268
2025.323288,8.955417,9.188155
2025.342466,9.088259,9.163751
2025.361644,9.134028,9.154778
2025.380822,9.152522,9.146255
2025.4,9.240501,9.142829
2025.419178,9.298548,9.162078
2025.438356,9.268172,9.156532
2025.457534,9.192169,9.172259
2025.476712,8.955842,9.182726
2025.49589,9.12866,9.199781
2025.515069,9.038344,9.249888
2025.534247,9.27557,9.303889
2025.553425,9.24673,9.363345
2025.572603,9.394,9.452457
2025.591781,9.749503,9.530674
2025.610959,9.754181,9.61173
2025.630137,9.727277,9.696658
2025.649315,9.757844,9.814271
2025.668493,9.832621,9.92878
2025.687671,9.767848,10.010369
2025.706849,10.039919,10.042393
2025.726027,10.30525,10.087409
2025.745206,10.424581,10.142337
2025.764384,10.483804,10.20428